<?xml version="1.0" encoding="UTF-8"?>
<!DOCTYPE hibernate-mapping PUBLIC
"-//Hibernate/Hibernate Mapping DTD 3.0//EN"
"http://hibernate.sourceforge.net/hibernate-mapping-3.0.dtd">

<hibernate-mapping>
    <!-- Especificamos que modelo vamos a mapear en este archivo -->
    <class name="parte2.Cliente" table="clientes">

        <!-- Especificamos que campo es el id -->
        <id name="dni" column="dni" type="string">
        </id>

        <set name="listaCuentas" table="poseer" cascade="all" inverse="true">
            <key>
                <column name="dni" />
            </key>
            <many-to-many column="nCuenta" class="parte2.Cuenta"/>
        </set>

        <!-- Vamos añadiendo todos los atributos -->
        <property name="nombre" type="string" column="nombre" length="30" not-null="true"/>

        <property name="apellidos" type="string" column="apellidos" length="60" not-null="true"/>

        <property name="direccion" type="string" column="direccion" length="80" not-null="true"/>


        <property name="email" type="string" column="email" length="80" not-null="true"/>


        <property name="telefono" type="integer" column="telefono" length="9" not-null="true"/>

        <property name="fechaNacimiento" type="date" column="fechaNacimiento" not-null="true"/>

        <!-- Mapeamos las relaciones de Cliente con el resto de entidades -->

    </class>
</hibernate-mapping>