<?xml version="1.0" encoding="UTF-8"?>
<!DOCTYPE hibernate-mapping PUBLIC
"-//Hibernate/Hibernate Mapping DTD 3.0//EN"
"http://hibernate.sourceforge.net/hibernate-mapping-3.0.dtd">

<hibernate-mapping>
    <!-- Especificamos que modelo vamos a mapear en este archivo -->
    <class name="parte2.Cuenta" table="cuentas">

        <!-- Especificamos que campo es el id -->
        <id name="nCuenta" column="nCuenta" type="string">
        </id>

        <property name="tipo_c" column="tipo" type="int" length="1"/>

        <set name="listaClientes" table="poseer" cascade="all" inverse="true">
            <key>
                <column name="nCuenta" />
            </key>
            <many-to-many column="dni" class="parte2.Cliente"/>
        </set>

        <set name="listaOperaciones" table="operaciones" cascade="all" inverse="true">
            <key>
                <column name="cuenta"/>
            </key>
            <one-to-many class="parte2.Operacion"/>
        </set>

        <!-- Vamos añadiendo todos los atributos -->
        <property name="fecha" type="date" column="fecha" not-null="true"/>

        <property name="saldo" type="double" column="saldo" not-null="true"/>

        <property name="interes" type="double" column="interes" not-null="false"/>

        <many-to-one name="oficina" class="parte2.Oficina" column="codigo"/>

    </class>
</hibernate-mapping>